ID,Capture date,Site type,Flyway,Site ID,Sex,Forewing length (mm),Infection status (0 or 1),Reproductive status (0 or 1),Migratory status,Stable isotope H value,Stable isotope C value,Total cardenolide concentration
442,10/7/2014,seasonal stopover,central,1,M,53.13,0,0,migrant,-144.78,-28.46,0.24594
443,10/7/2014,seasonal stopover,central,1,F,53.13,0,0,migrant,-133.64,-26.16,0.01697
444,10/7/2014,seasonal stopover,central,1,F,55.36,0,0,migrant,-127.4,-30.55,0.0839
445,10/7/2014,seasonal stopover,central,1,F,48.48,0,0,migrant,-169.02,-26.59,0.05263
446,10/7/2014,seasonal stopover,central,1,M,54.23,0,0,migrant,-114.39,-28.48,0
447,10/7/2014,seasonal stopover,central,1,M,53.09,0,0,migrant,-145.42,-26.09,0.67905
448,10/7/2014,seasonal stopover,central,1,M,50.45,0,0,migrant,-132.5,-28.61,0
449,10/7/2014,seasonal stopover,central,1,F,51.21,0,0,migrant,-146.08,-27.44,0.66772
450,10/7/2014,seasonal stopover,central,1,M,52.15,0,0,migrant,-99.38,-28.24,0
451,10/7/2014,seasonal stopover,central,1,F,54.7,0,1,migrant,-134.25,-26.04,0.87487
452,10/7/2014,seasonal stopover,central,1,F,52.57,0,0,migrant,-146.38,-26.26,0.36333
453,10/7/2014,seasonal stopover,central,1,M,52.76,0,0,migrant,-130.02,-27.93,0
454,10/8/2014,seasonal stopover,central,1,F,52.76,0,0,migrant,-112.4,-34.22,1.20966
455,10/8/2014,seasonal stopover,central,1,F,49.93,0,0,migrant,-139.34,-27.55,0.09402
456,10/8/2014,seasonal stopover,central,1,M,56.56,0,0,migrant,-121.02,-28.94,0
457,10/8/2014,seasonal stopover,central,1,F,47.15,0,0,migrant,-140.9,-27.33,0.30982
458,10/8/2014,seasonal stopover,central,1,F,50.22,0,0,migrant,-119.13,-26.3,0.02777
459,10/8/2014,seasonal stopover,central,1,M,55.46,0,0,migrant,-134.34,-27.67,0
460,10/8/2014,seasonal stopover,central,1,M,53.4,0,0,NA,NA,NA,0.93115
461,10/8/2014,seasonal stopover,central,1,M,51.64,0,0,migrant,-133.23,-27.23,0.79806
462,10/8/2014,seasonal stopover,central,1,F,53.09,1,0,migrant,-120.52,-28.45,0.33013
463,10/8/2014,seasonal stopover,central,1,M,52.74,0,0,migrant,-120.27,-32.06,0
464,10/8/2014,seasonal stopover,central,1,M,50.1,0,0,migrant,-96.09,-27.4,0.68949
465,10/8/2014,seasonal stopover,central,1,M,51.64,0,0,migrant,-122.28,-28.17,0.04547
466,10/8/2014,seasonal stopover,central,1,M,51.95,0,1,migrant,-131.97,-31.5,0
467,10/8/2014,seasonal stopover,central,1,M,55.56,0,0,migrant,-124.53,-27.39,0
468,10/8/2014,seasonal stopover,central,1,M,53.26,0,0,migrant,-137.4,-26.37,0.45174
469,10/8/2014,seasonal stopover,central,1,M,49.95,0,1,migrant,-100.95,-28.99,0
470,10/8/2014,seasonal stopover,central,1,F,53.28,0,0,migrant,-116.31,-28,0.34997
471,10/8/2014,seasonal stopover,central,1,F,53.35,0,0,migrant,-119.03,-26.48,0
472,10/8/2014,seasonal stopover,central,1,M,53.3,0,0,migrant,-105.7,-27.86,0
473,10/8/2014,seasonal stopover,central,1,F,53.97,0,0,migrant,-142.83,-27.6,0.08911
474,10/8/2014,seasonal stopover,central,1,F,50.9,0,0,migrant,-154.12,-27.38,0.31911
475,10/8/2014,seasonal stopover,central,1,F,53.64,0,0,migrant,-129.89,-29.86,0.28688
476,10/8/2014,seasonal stopover,central,1,F,52.81,0,0,migrant,-122.72,-27.26,0.36971
477,10/8/2014,seasonal stopover,central,1,M,54.13,0,NA,migrant,-118.5,-28.53,0
478,10/8/2014,seasonal stopover,central,1,F,51.86,0,0,migrant,-141.08,-27.38,0.86131
479,10/8/2014,seasonal stopover,central,1,M,49.43,0,1,migrant,-106.48,-27.36,0
480,10/8/2014,seasonal stopover,central,1,M,52.67,0,0,migrant,-127.2,-27.98,0
481,10/8/2014,seasonal stopover,central,1,F,52.05,0,0,migrant,-149.11,-27.67,0.04854
482,10/8/2014,seasonal stopover,central,1,M,53.83,0,1,migrant,-123.1,-27.45,0.73179
483,10/8/2014,seasonal stopover,central,1,F,51.08,0,0,migrant,-109.11,-28.53,0.11556
484,10/8/2014,seasonal stopover,central,1,M,52.04,0,0,migrant,-122.71,-27.44,0.71159
485,10/8/2014,seasonal stopover,central,1,M,52.96,0,0,migrant,-137.42,-29.5,0.10498
486,10/8/2014,seasonal stopover,central,1,F,51.98,0,0,migrant,-98.61,-27.12,0
487,10/8/2014,seasonal stopover,central,1,F,51.91,0,0,migrant,-146.23,-27.04,0.45392
488,10/8/2014,seasonal stopover,central,1,M,52.7,1,0,migrant,-123.52,-28.33,0
489,10/8/2014,seasonal stopover,central,1,M,55.46,0,1,migrant,-116.7,-26.43,0
490,10/8/2014,seasonal stopover,central,1,F,53.3,0,0,migrant,-125.38,-29.02,0
491,10/8/2014,seasonal stopover,central,1,F,52.76,0,0,migrant,-140.46,-26.53,0.15312
492,10/8/2014,seasonal stopover,central,1,F,55.14,0,0,migrant,-124.38,-26.36,0.04539
493,10/8/2014,seasonal stopover,central,1,M,52.84,0,0,migrant,-125.23,-25.16,0.03775
494,10/8/2014,seasonal stopover,central,1,M,49.63,0,0,migrant,-124.28,-26.48,0
495,10/8/2014,seasonal stopover,central,1,F,54.08,0,0,migrant,-111.74,-28.69,0
496,10/8/2014,seasonal stopover,central,1,M,54.46,0,0,migrant,-163.18,-27.89,0.17988
497,10/8/2014,seasonal stopover,central,1,M,51.02,0,1,migrant,-136.09,-28.22,0.02318
498,10/8/2014,seasonal stopover,central,1,F,52.48,0,0,migrant,-128.15,-29.02,0.11399
499,10/8/2014,seasonal stopover,central,1,M,54.98,0,0,migrant,-112.79,-31.25,0
500,10/8/2014,seasonal stopover,central,1,M,54.48,0,1,migrant,-115.15,-27.21,0.40587
501,10/8/2014,seasonal stopover,central,1,M,53.31,0,0,migrant,-123.8,-27.56,0
502,10/8/2014,seasonal stopover,central,1,F,53.61,1,0,migrant,-155.21,-28.19,0.31829
503,10/8/2014,seasonal stopover,central,1,F,54.44,1,0,migrant,-98,-28.69,0.96478
504,10/8/2014,seasonal stopover,central,1,F,54.19,0,0,migrant,-129.21,-28.51,0
505,10/8/2014,seasonal stopover,central,1,F,53.84,0,0,migrant,-130.26,-26.42,0.16464
506,10/8/2014,seasonal stopover,central,1,M,53.4,0,0,migrant,-121.8,-26.02,0.02717
507,10/8/2014,seasonal stopover,central,1,M,55.09,0,1,migrant,-113.74,-26.6,0
508,10/8/2014,seasonal stopover,central,1,F,53.6,0,0,migrant,-119.44,-27.84,0.35135
509,10/8/2014,seasonal stopover,central,1,F,51.62,0,0,migrant,-141,-25.53,0.48524
510,10/8/2014,seasonal stopover,central,1,M,53.81,0,0,migrant,-130.7,-27.92,0.32498
511,10/8/2014,seasonal stopover,central,1,M,47.82,0,NA,migrant,-120.78,-31.44,0
512,10/8/2014,seasonal stopover,central,1,F,53.38,0,0,migrant,-112.79,-28.96,0
513,10/8/2014,seasonal stopover,central,1,F,48.55,0,0,migrant,-114.31,-27.22,0
514,10/8/2014,seasonal stopover,central,1,M,52.16,0,0,migrant,-145.57,-29.22,0.01434
515,10/8/2014,seasonal stopover,central,1,M,55.73,0,1,migrant,-137.91,-27.52,0
516,10/8/2014,seasonal stopover,central,1,F,54.22,0,0,migrant,-114.4,-31.17,0.02167
517,10/8/2014,seasonal stopover,central,1,M,52.26,0,1,migrant,-119.25,-27.55,0.57031
518,10/8/2014,seasonal stopover,central,1,F,48.87,0,0,migrant,-142.21,-26.86,0.11628
519,10/8/2014,seasonal stopover,central,1,M,49.97,0,0,migrant,-125.56,-27.47,0
520,10/8/2014,seasonal stopover,central,1,F,50.06,0,0,migrant,-120.93,-26.88,0.11128
521,10/8/2014,seasonal stopover,central,1,M,52.99,0,0,migrant,-116.73,-29.4,0.20839
522,10/9/2014,seasonal stopover,central,3,F,51.2,0,1,migrant,-132.36,-27,0.06182
523,10/9/2014,seasonal stopover,central,3,F,53.05,0,0,migrant,-100.09,-29.69,1.39218
524,10/9/2014,seasonal stopover,central,3,M,54.73,0,0,migrant,-111.92,-29.02,0
525,10/9/2014,seasonal stopover,central,3,M,52.43,0,1,migrant,-135.62,-25.89,0.56364
526,10/9/2014,seasonal stopover,central,3,F,53.5,0,0,migrant,-135.07,-28.87,0
527,10/9/2014,seasonal stopover,central,3,F,49.61,0,0,migrant,-130.32,-25.79,0.24798
528,10/9/2014,seasonal stopover,central,3,M,49.76,0,1,migrant,-122.47,-29.43,0
529,10/9/2014,seasonal stopover,central,3,F,51.87,0,0,migrant,-139.41,-28.71,0
530,10/9/2014,seasonal stopover,central,3,F,53.14,0,0,migrant,-135.43,-27.07,0.41016
531,10/9/2014,seasonal stopover,central,3,M,51.34,0,0,migrant,-105.53,-31.15,0.11177
532,10/9/2014,seasonal stopover,central,3,F,52.74,0,0,migrant,-136.52,-27.78,0.02611
533,10/9/2014,seasonal stopover,central,3,M,55.24,0,0,migrant,-119.9,-29.29,0.12719
534,10/9/2014,seasonal stopover,central,3,M,52.69,0,0,migrant,-132.45,-23.93,0.04817
535,10/9/2014,seasonal stopover,central,3,M,52.75,0,0,migrant,-159.86,-28.24,0.46734
536,10/9/2014,seasonal stopover,central,3,F,51.54,0,0,migrant,-129.73,-26.5,0.09972
537,10/9/2014,seasonal stopover,central,3,F,53.05,0,0,migrant,-106.7,-30.54,0.28808
538,10/9/2014,seasonal stopover,central,3,F,53.51,0,0,migrant,-108.53,-28.44,0
539,10/9/2014,seasonal stopover,central,3,M,52.54,0,1,migrant,-126.24,-26.5,0
540,10/9/2014,seasonal stopover,central,3,F,55.03,0,0,migrant,-101.84,-27.76,0
541,10/9/2014,seasonal stopover,central,3,M,52.09,0,1,migrant,-119.05,-29.68,0.1543
542,10/9/2014,seasonal stopover,central,3,M,54.23,0,0,migrant,-127.04,-26.45,0.14523
546,10/10/2014,seasonal stopover,central,3,F,45.38,0,NA,migrant,-125.75,-28.26,0.35432
547,10/10/2014,seasonal stopover,central,3,F,46.68,0,NA,migrant,-114.39,-28.38,0.15887
548,10/10/2014,seasonal stopover,central,3,F,51.56,0,NA,migrant,-132.32,-30.09,0.48578
549,10/10/2014,seasonal stopover,central,3,F,52.77,0,NA,migrant,-126.88,-27.55,0.41599
550,10/10/2014,seasonal stopover,central,3,F,53.38,0,NA,migrant,-126.41,-28.78,0.0417
551,10/10/2014,seasonal stopover,central,3,F,50.93,0,NA,migrant,-119.36,-29.32,0.22704
552,10/10/2014,seasonal stopover,central,3,F,57.47,0,NA,migrant,-121.93,-27.88,0
553,10/10/2014,seasonal stopover,central,3,F,49.58,0,NA,migrant,-122.84,-27.38,0
554,10/10/2014,seasonal stopover,central,3,F,52.77,0,NA,migrant,-134.33,-25.33,1.11227
555,10/10/2014,seasonal stopover,central,3,F,51.98,0,NA,migrant,-137.78,-29.53,0.78651
556,10/10/2014,seasonal stopover,central,3,F,50.77,0,NA,migrant,-117.25,-28.39,0
557,10/10/2014,seasonal stopover,central,3,F,50.99,0,NA,migrant,-113.14,-29.15,0
558,10/10/2014,seasonal stopover,central,3,F,49.3,0,NA,migrant,-104.3,-28.71,0
559,10/10/2014,seasonal stopover,central,3,F,51.25,0,NA,migrant,-128.61,-26.2,0
560,10/10/2014,seasonal stopover,central,3,F,50.66,0,NA,migrant,-81.64,-26.66,0.01238
561,10/10/2014,seasonal stopover,central,3,F,53.33,0,NA,migrant,-129.6,-28.16,0.33596
562,10/10/2014,seasonal stopover,central,3,F,52.61,0,NA,migrant,-132.34,-27.6,0
564,10/10/2014,seasonal stopover,central,3,F,54.52,0,NA,migrant,-131.21,-25.77,0.07902
565,10/10/2014,seasonal stopover,central,3,F,51.1,0,NA,migrant,-127.18,-27.79,0.0484
566,10/10/2014,seasonal stopover,central,3,F,53.12,0,NA,migrant,-139.36,-27.73,0
567,10/11/2014,seasonal stopover,central,3,F,48.75,0,NA,migrant,-110.19,-28.26,0.08471
568,10/11/2014,seasonal stopover,central,3,F,54.65,0,NA,migrant,-141.92,-27.42,0
569,10/11/2014,seasonal stopover,central,3,F,53.57,0,NA,migrant,-104.54,-30.95,1.27085
570,10/11/2014,seasonal stopover,central,3,F,53.2,0,NA,migrant,-150.21,-26.48,0.7664
571,10/11/2014,seasonal stopover,central,3,F,55.02,0,NA,migrant,-114.5,-28.94,0.08065
572,10/12/2014,seasonal stopover,central,3,F,50.86,0,0,migrant,-142.54,-26.58,0
573,10/12/2014,seasonal stopover,central,3,F,50.6,0,NA,migrant,-107.74,-28.06,0
574,10/12/2014,seasonal stopover,central,3,F,55.15,0,NA,migrant,-127.87,-27.41,0
575,10/12/2014,seasonal stopover,central,3,F,51.39,0,NA,migrant,-128.48,-28.1,0.16246
685,10/17/14-10/20/14,seasonal stopover,central,2,F,51.28,0,0,migrant,-135.25,-26.6,0.49277
686,10/17/14-10/20/14,seasonal stopover,central,2,F,52.61,0,0,migrant,-93.95,-30.21,0.05868
687,10/17/14-10/20/14,seasonal stopover,central,2,F,50.99,0,0,migrant,-106.76,-26.94,0.16337
688,10/17/14-10/20/14,seasonal stopover,central,2,F,53.35,0,0,migrant,-125.22,-27.99,0.27559
689,10/17/14-10/20/14,seasonal stopover,central,2,M,53.98,0,0,migrant,-120.75,-27.67,1.155
690,10/17/14-10/20/14,seasonal stopover,central,2,M,52.32,0,0,migrant,-128.11,-27.93,0.61109
691,10/17/14-10/20/14,seasonal stopover,central,2,M,53.39,0,1,migrant,-119.37,-29.32,0
692,10/17/14-10/20/14,seasonal stopover,central,2,M,53.13,0,0,migrant,-134.32,-26.87,0
693,10/17/14-10/20/14,seasonal stopover,central,2,F,50.24,0,0,migrant,-113.68,-27.28,0.54812
694,10/17/14-10/20/14,seasonal stopover,central,2,M,51.09,0,0,migrant,-98.19,-28.24,0
695,10/17/14-10/20/14,seasonal stopover,central,2,F,54.12,0,0,migrant,-126.03,-27.84,0.15743
696,10/17/14-10/20/14,seasonal stopover,central,2,M,53.58,0,0,migrant,-119.99,-27.18,0
697,10/17/14-10/20/14,seasonal stopover,central,2,M,56.94,0,0,migrant,-132.27,-27.79,0
698,10/17/14-10/20/14,seasonal stopover,central,2,M,51.5,0,0,migrant,-124.88,-26.45,0
699,10/17/14-10/20/14,seasonal stopover,central,2,M,53.98,0,0,migrant,-147.76,-26.64,0.64729
700,10/17/14-10/20/14,seasonal stopover,central,2,F,51.67,0,0,migrant,-110.5,-28.22,0
701,10/17/14-10/20/14,seasonal stopover,central,2,F,52.91,0,0,migrant,-137.04,-27.3,0.3604
702,10/17/14-10/20/14,seasonal stopover,central,2,M,53.83,0,0,migrant,-128.16,-29.1,0
703,10/17/14-10/20/14,seasonal stopover,central,2,M,47.71,0,0,migrant,-101.4,-29.96,0.14771
704,10/17/14-10/20/14,seasonal stopover,central,2,M,50.38,0,0,migrant,-114.49,-28.79,0.20348
705,10/17/14-10/20/14,seasonal stopover,central,2,F,52.13,0,0,migrant,-123.17,-27.86,0.09119
706,10/17/14-10/20/14,seasonal stopover,central,2,M,55.1,0,0,migrant,-146.6,-29.19,0
707,10/17/14-10/20/14,seasonal stopover,central,2,M,49.31,0,0,migrant,-127.8,-27.44,0.57386
708,10/17/14-10/20/14,seasonal stopover,central,2,M,55.54,0,0,migrant,-126.6,-26.49,0.22928
709,10/17/14-10/20/14,seasonal stopover,central,2,M,50.04,0,0,migrant,-128.78,-27.14,0
710,10/17/14-10/20/14,seasonal stopover,central,2,M,52.02,0,0,migrant,-124.6,-28.88,0.44125
711,10/17/14-10/20/14,seasonal stopover,central,2,M,52.08,0,0,NA,NA,-28.23,0
712,10/17/14-10/20/14,seasonal stopover,central,2,M,49.31,0,0,migrant,-113.4,-32.37,0.24058
730,10/28/2014,year-round breeding,coastal,6,M,53.17,0,0,migrant,-119.67,-28.54,0.19335
731,10/17/2014,year-round breeding,coastal,6,M,52.38,1,1,resident,-92.71,-28.54,1.15152
732,10/23/2014,year-round breeding,coastal,6,M,51.44,1,1,migrant,-88.82,-27.46,0.61371
733,10/21/2014,year-round breeding,coastal,6,M,51.06,1,1,resident,-88.37,-28.21,1.15871
734,10/28/2014,year-round breeding,coastal,6,M,53.04,0,NA,migrant,-119.57,-26.38,0.25788
735,10/28/2014,year-round breeding,coastal,6,F,50.99,1,1,resident,-98.66,-28.07,2.75813
736,10/17/2014,year-round breeding,coastal,6,M,50.11,1,0,unclassifiable,-96.25,-29.45,0.44279
737,10/23/2014,year-round breeding,coastal,6,M,51.55,1,1,resident,-93.16,-30.3,1.55897
738,10/28/2014,year-round breeding,coastal,6,F,50.35,0,1,migrant,-114.25,-27.89,0.18182
739,10/28/2014,year-round breeding,coastal,6,F,51.17,1,1,unclassifiable,-104.94,-30.93,1.58863
740,10/28/2014,year-round breeding,coastal,6,M,54.17,1,1,resident,-86.46,-31.86,1.66433
741,10/17/2014,year-round breeding,coastal,6,M,49.84,1,0,migrant,-80.02,-28.84,0.16323
742,10/21/2014,year-round breeding,coastal,6,F,53.25,1,1,resident,-92.98,-29.76,1.74711
744,10/29/2014,year-round breeding,coastal,7,M,53.01,0,1,migrant,-116.96,-28.44,0
745,10/29/2014,year-round breeding,coastal,7,F,53.09,1,1,resident,-91.86,-30.18,2.7262
746,10/29/2014,year-round breeding,coastal,7,M,48.71,1,1,resident,-87.63,-29.04,2.21385
747,10/29/2014,year-round breeding,coastal,7,F,52.48,0,0,migrant,-108.24,-29.2,0
748,10/29/2014,year-round breeding,coastal,7,M,51.83,0,1,migrant,-126.2,-29.08,0.58482
749,10/29/2014,year-round breeding,coastal,7,M,52.25,1,1,resident,-98.36,-28.68,1.5691
750,10/29/2014,year-round breeding,coastal,7,M,56.6,0,0,migrant,-126.78,-28.25,0
751,10/29/2014,year-round breeding,coastal,7,M,51.26,0,0,migrant,-139.44,-27.47,0.34775
752,10/29/2014,year-round breeding,coastal,7,M,53.51,0,0,migrant,-128.23,-26.8,0.06907
753,10/29/2014,year-round breeding,coastal,7,M,54.88,0,1,migrant,-139.56,-27.74,0.54604
754,10/29/2014,year-round breeding,coastal,7,M,49.25,0,1,migrant,-110.94,-30.46,0
755,10/29/2014,year-round breeding,coastal,7,F,54.58,0,0,NA,NA,NA,0.55786
756,10/29/2014,year-round breeding,coastal,7,M,54.43,0,0,migrant,-118.17,-29.44,0
757,10/29/2014,year-round breeding,coastal,7,M,50.71,0,0,migrant,-124.28,-28.48,0.21704
758,10/29/2014,year-round breeding,coastal,7,M,52.52,0,0,migrant,-108.36,-26.28,0
759,10/29/2014,year-round breeding,coastal,7,M,53.49,0,0,migrant,-79.98,-29.64,0
760,10/29/2014,year-round breeding,coastal,7,M,53.71,0,0,migrant,-124.93,-27.58,0.29757
761,10/29/2014,year-round breeding,coastal,7,M,52.25,0,0,migrant,-116.52,-28.52,0
762,10/29/2014,year-round breeding,coastal,7,M,53.55,0,1,migrant,-109.8,-28.59,0.15535
763,10/29/2014,year-round breeding,coastal,7,M,50.1,0,0,migrant,-130.46,-28.34,0.85253
764,10/29/2014,year-round breeding,coastal,7,M,51.47,0,1,migrant,-128.85,-27.17,0.70535
765,10/29/2014,year-round breeding,coastal,7,M,52.35,0,0,migrant,-126.68,-29.62,1.31751
766,10/29/2014,year-round breeding,coastal,7,M,53.61,0,0,migrant,-124.41,-27.88,0.01503
767,10/29/2014,year-round breeding,coastal,7,F,52.66,0,0,migrant,-118.39,-29.18,0
768,10/29/2014,year-round breeding,coastal,7,M,54.48,0,1,migrant,-123.16,-27.31,0.276
769,10/29/2014,year-round breeding,coastal,7,F,51.45,0,0,migrant,-101.98,-27.98,0.67913
770,10/29/2014,year-round breeding,coastal,7,F,50.69,0,0,migrant,-119.89,-29.33,0
771,10/29/2014,year-round breeding,coastal,7,F,46.73,0,0,unclassifiable,-101.79,-29.62,0.87314
772,10/29/2014,year-round breeding,coastal,7,F,51.25,0,0,migrant,-109.01,-29.44,0
773,10/29/2014,year-round breeding,coastal,7,M,55.55,0,0,migrant,-137.48,-27.58,0.53033
774,10/29/2014,year-round breeding,coastal,7,M,51.17,0,1,migrant,-92.46,-26.97,0.22347
775,10/29/2014,year-round breeding,coastal,7,F,50.51,1,0,resident,-84.39,-30.62,2.7167
776,10/29/2014,year-round breeding,coastal,7,M,51.96,0,1,migrant,-104.77,-29.86,0
777,10/29/2014,year-round breeding,coastal,7,M,52.04,0,1,NA,-139.71,-26.98,NA
778,10/29/2014,year-round breeding,coastal,7,M,51.08,0,0,migrant,-89.85,-29,0.12567
779,10/29/2014,year-round breeding,coastal,7,M,52.5,0,1,migrant,-124.87,-28.86,0.24345
780,10/22/2014,year-round breeding,coastal,7,M,53.3,1,1,migrant,-125.13,-27.19,0.26128
781,10/19/2014,year-round breeding,coastal,7,M,51.81,1,1,resident,-93.12,-30.08,0.8104
782,10/19/2014,year-round breeding,coastal,7,M,53.57,1,1,migrant,-92.62,-29.19,0.11862
783,10/14/2014,year-round breeding,coastal,7,M,48.8,1,1,migrant,-88.16,-28.85,0.5913
784,10/29/2014,year-round breeding,coastal,6,M,55.43,0,0,migrant,-123.61,-30.27,0
785,10/29/2014,year-round breeding,coastal,6,M,53.36,0,1,migrant,-109.4,-28.65,0
786,10/29/2014,year-round breeding,coastal,6,M,55.26,1,1,resident,-98.94,-30.54,1.92906
787,10/29/2014,year-round breeding,coastal,6,M,53.12,1,1,resident,-88.88,-28.86,1.16425
788,10/29/2014,year-round breeding,coastal,6,F,51.48,0,0,migrant,-115.81,-27.6,0.27065
789,10/29/2014,year-round breeding,coastal,6,M,52.72,0,1,resident,-94.16,-30.91,1.45602
790,10/29/2014,year-round breeding,coastal,6,M,49.9,0,0,migrant,-125.7,-28.18,0
791,10/29/2014,year-round breeding,coastal,6,F,49.85,1,1,resident,-97.31,-31.7,2.30489
792,10/29/2014,year-round breeding,coastal,6,M,53.34,0,0,migrant,-110.2,-28.15,0.51692
793,10/29/2014,year-round breeding,coastal,6,M,50.49,1,0,resident,-94.03,-31.12,1.81825
794,10/29/2014,year-round breeding,coastal,6,M,52.6,0,0,migrant,-113.52,-27.21,0.04542
795,10/23/2014,year-round breeding,coastal,6,M,49.91,1,0,resident,-96.38,-30.62,0.7658
796,10/21/2014,year-round breeding,coastal,6,M,53.98,1,NA,resident,-93.06,-28.45,1.00179
797,10/21/2014,year-round breeding,coastal,6,M,53.18,1,1,resident,-81.03,-28.05,1.37825
798,10/17/2014,year-round breeding,coastal,6,M,52.32,1,0,resident,-94.38,-26.64,1.33941
799,10/31/2014,seasonal stopover,coastal,4,M,NA,0,0,migrant,-106.96,-28.48,0.20307
800,10/31/2014,seasonal stopover,coastal,4,F,51.38,0,0,migrant,-96.19,-29.46,0
801,10/31/2014,seasonal stopover,coastal,4,F,52.75,0,0,migrant,-132.36,-28.75,0.27299
802,10/31/2014,seasonal stopover,coastal,4,F,53.4,0,0,migrant,-116.77,-27.4,0
803,10/31/2014,seasonal stopover,coastal,4,M,56.33,0,0,migrant,-122.01,-26.8,0.32082
804,10/31/2014,seasonal stopover,coastal,4,M,47.78,0,0,migrant,-117.46,-29.04,0
805,10/31/2014,seasonal stopover,coastal,4,F,50.65,0,0,migrant,-120.9,-28.65,0
806,10/31/2014,seasonal stopover,coastal,4,F,50.81,0,0,migrant,-140.16,-27.76,0
807,10/31/2014,seasonal stopover,coastal,4,M,53.23,0,0,migrant,-119.38,-28.48,0.08247
808,10/31/2014,seasonal stopover,coastal,4,M,50.77,0,0,migrant,-97.27,-28.24,0.75348
809,10/31/2014,seasonal stopover,coastal,4,F,52.48,0,0,migrant,-117.29,-28.34,0.01472
810,10/31/2014,seasonal stopover,coastal,4,M,50.69,0,0,migrant,-101.31,-30.14,0
811,10/31/2014,seasonal stopover,coastal,4,M,53.05,0,0,migrant,-114.05,-28.86,0
812,10/31/2014,seasonal stopover,coastal,4,M,52,0,0,migrant,-123.75,-28.46,0.16867
813,10/31/2014,seasonal stopover,coastal,4,M,55.44,0,0,migrant,-135.34,-28.87,0
814,10/31/2014,seasonal stopover,coastal,4,M,55,0,0,migrant,-111.16,-28.62,0
815,11/1/2014,seasonal stopover,coastal,4,M,51.07,0,0,migrant,-133.9,-27.93,0.13423
816,11/1/2014,seasonal stopover,coastal,4,M,52.08,0,0,migrant,-125.04,-27.91,0.07729
817,11/1/2014,seasonal stopover,coastal,4,M,55.29,0,0,migrant,-135.82,-27.63,0.01382
818,11/1/2014,seasonal stopover,coastal,4,M,52.65,0,0,migrant,-104.51,-29.46,0.65762
819,11/1/2014,seasonal stopover,coastal,4,M,52.93,0,0,migrant,-105.81,-28.47,0.23092
820,11/1/2014,seasonal stopover,coastal,4,M,56.26,0,0,migrant,-112.32,-26.9,0.1776
821,11/1/2014,seasonal stopover,coastal,4,F,50.78,0,0,migrant,-86.51,-28.8,0
822,11/1/2014,seasonal stopover,coastal,4,M,50.42,0,0,migrant,-124.39,-28,0
823,11/1/2014,seasonal stopover,coastal,4,M,53.54,0,0,migrant,-118.91,-28.54,0
824,11/1/2014,seasonal stopover,coastal,4,M,52.68,0,0,migrant,-128.38,-25.85,0
825,11/1/2014,seasonal stopover,coastal,4,M,54.33,0,0,migrant,-120.56,-27.86,0
826,11/1/2014,seasonal stopover,coastal,4,F,54.31,0,0,migrant,-122.29,-27.2,0.33188
827,11/1/2014,seasonal stopover,coastal,4,M,52.15,0,0,migrant,-114.23,-29.62,0.16728
828,11/1/2014,seasonal stopover,coastal,4,M,51.49,0,0,migrant,-101.6,-27.39,0.12485
829,11/1/2014,seasonal stopover,coastal,4,M,53.69,0,0,migrant,-144.08,-26.22,0.43889
830,11/1/2014,seasonal stopover,coastal,4,F,52.84,0,0,migrant,-117.63,-29.27,0
831,11/1/2014,seasonal stopover,coastal,4,F,48.72,0,0,migrant,-103.59,-29.31,0
832,11/1/2014,seasonal stopover,coastal,4,M,54.03,0,0,migrant,-104.18,-28.86,0.12837
833,11/2/2014,seasonal stopover,coastal,4,F,52.84,0,0,migrant,-104.61,-29.2,0.11279
834,11/2/2014,seasonal stopover,coastal,4,M,52.68,0,1,migrant,-88.22,-29.59,0.53635
835,11/2/2014,seasonal stopover,coastal,4,F,50.21,0,0,migrant,-123.95,-26.73,0
836,11/2/2014,seasonal stopover,coastal,4,M,NA,0,1,migrant,-132.6,-27.66,0
837,11/2/2014,seasonal stopover,coastal,4,M,50.42,0,0,migrant,-112.16,-27.74,1.01442
838,11/2/2014,seasonal stopover,coastal,4,M,53.65,0,0,migrant,-96.35,-28.87,0.47279
839,11/2/2014,seasonal stopover,coastal,4,M,52.15,0,0,migrant,-114.83,-28.47,0.21288
840,11/2/2014,seasonal stopover,coastal,4,F,53.94,0,0,migrant,-135.06,-26.98,0.10812
868,10/31/2014,year-round breeding,coastal,5,M,50.11,0,0,migrant,-111.51,-27.24,0
869,10/31/2014,year-round breeding,coastal,5,M,47.06,1,NA,migrant,-97.95,-30.12,0.65887
870,10/31/2014,year-round breeding,coastal,5,F,51.8,0,0,migrant,-129.96,-28.26,0.4454
871,10/31/2014,year-round breeding,coastal,5,M,52.89,0,1,migrant,-95.39,-28.75,0.39618
872,10/31/2014,year-round breeding,coastal,5,F,51.74,0,0,migrant,-105.5,NA,0.80484
873,10/31/2014,year-round breeding,coastal,5,M,47.96,1,0,unclassifiable,-125.82,NA,1.98998
874,10/31/2014,year-round breeding,coastal,5,F,50.79,0,0,migrant,-140.68,NA,0.21584
875,10/31/2014,year-round breeding,coastal,5,M,51.5,1,0,resident,-87.63,NA,1.94286
876,10/31/2014,year-round breeding,coastal,5,M,NA,0,1,resident,-94.38,-28.19,0.79127
877,10/31/2014,year-round breeding,coastal,5,F,47.19,1,1,resident,-95.53,-31.03,2.03476
878,10/31/2014,year-round breeding,coastal,5,M,51.91,0,0,resident,-94.47,-28.99,1.66731
879,10/16/2014,year-round breeding,coastal,5,M,48.02,1,1,unclassifiable,-96.97,-30.49,0.92617
880,10/31/2014,year-round breeding,coastal,5,M,NA,0,0,migrant,-131.88,-30.82,0
881,10/31/2014,year-round breeding,coastal,5,M,NA,0,0,migrant,-97.52,-30.21,0
882,10/31/2014,year-round breeding,coastal,5,M,NA,1,0,migrant,-100.01,-29.83,0.52197
883,10/16/2014,year-round breeding,coastal,5,M,50.51,1,NA,migrant,-82.37,-30.41,0.43006
884,11/1/2014,year-round breeding,coastal,5,F,52.09,1,0,resident,-82.58,-28.94,1.96473
885,10/16/2014,year-round breeding,coastal,5,M,49.78,1,1,migrant,-84.25,-29.37,0.38159
886,11/1/2014,year-round breeding,coastal,5,M,NA,0,0,migrant,-118.11,-27.96,0
887,11/1/2014,year-round breeding,coastal,5,M,52.25,0,0,migrant,-129.13,-28.52,0.49145
888,11/1/2014,year-round breeding,coastal,5,F,42.19,1,0,resident,-72.02,-28.17,2.59545
920,11/7/2014,year-round breeding,coastal,6,F,47.43,0,NA,unclassifiable,-88.37,-30.43,1.12678
921,11/21/2014,year-round breeding,coastal,6,F,49.79,1,1,resident,-94.81,-27.85,3.37896
922,11/23/2014,year-round breeding,coastal,7,M,52.28,0,1,migrant,-123.3,-28.03,0
923,11/3/2014,year-round breeding,coastal,7,M,51.14,1,NA,migrant,-86.27,-28.49,0.56296
924,11/23/2014,year-round breeding,coastal,7,M,50.11,1,1,migrant,-99.64,-28.14,0
925,11/23/2014,year-round breeding,coastal,7,M,51.44,0,1,migrant,-101.29,-28.73,0
926,11/23/2014,year-round breeding,coastal,7,M,49.89,1,0,migrant,-98.82,-29.2,0.36318
927,11/23/2014,year-round breeding,coastal,7,M,55.12,1,NA,unclassifiable,-74.17,-29.47,0.83766
928,11/23/2014,year-round breeding,coastal,7,M,50.78,1,0,migrant,-125.37,-27.22,0.201
929,11/3/2014,year-round breeding,coastal,7,M,49.25,1,0,migrant,-91.66,-29.33,0.26271
930,11/23/2014,year-round breeding,coastal,7,M,50.68,1,0,migrant,-113.18,-26.03,0.03689
931,11/3/2014,year-round breeding,coastal,7,M,51.6,0,NA,migrant,-112.89,-27.01,0
932,11/23/2014,year-round breeding,coastal,7,M,52.02,0,0,migrant,-106.05,-27.98,0.10266
933,11/3/2014,year-round breeding,coastal,7,M,50.63,0,1,migrant,-126.4,-27.5,0.66267
934,11/23/2014,year-round breeding,coastal,7,M,50.42,1,0,resident,-81.69,-28.64,1.09966
935,11/23/2014,year-round breeding,coastal,7,M,54.67,0,0,migrant,-102.67,-27.73,0
936,11/23/2014,year-round breeding,coastal,7,F,50.19,1,1,unclassifiable,-81.38,-28.1,1.01611
937,11/23/2014,year-round breeding,coastal,7,M,46.76,1,NA,resident,-89.84,-29.6,2.08292
938,11/23/2014,year-round breeding,coastal,7,M,50.77,1,0,migrant,-72.73,-29.49,0.78134
939,11/23/2014,year-round breeding,coastal,7,M,53,1,0,unclassifiable,-71.88,-27.94,0.7733
940,11/23/2014,year-round breeding,coastal,7,M,52.53,1,0,resident,-79.29,-28.12,1.15702
941,11/23/2014,year-round breeding,coastal,7,M,50.14,0,0,migrant,-101.2,-28.27,0
942,11/23/2014,year-round breeding,coastal,7,M,52.86,0,0,migrant,-110.91,-28.68,0
943,12/3/2014,year-round breeding,coastal,6,F,53.08,1,1,resident,-84.42,-29.48,2.06024
944,12/3/2014,year-round breeding,coastal,6,M,52.7,1,1,migrant,-95.18,-28.32,0.81003
945,12/3/2014,year-round breeding,coastal,6,M,46.41,1,NA,resident,-73.81,-27.85,1.898
946,12/3/2014,year-round breeding,coastal,6,F,54,1,0,resident,-86.66,-28.22,1.98152
947,12/3/2014,year-round breeding,coastal,6,F,53.24,1,0,resident,-79.09,-26.89,1.74611
948,12/3/2014,year-round breeding,coastal,6,M,52.21,1,0,unclassifiable,-86.08,-27.62,1.10431
949,12/3/2014,year-round breeding,coastal,6,F,50.69,1,0,resident,-82.27,-27.19,4.92075
950,12/3/2014,year-round breeding,coastal,6,M,49.85,1,0,resident,-79.66,-27.71,2.07186
951,11/7/2014,year-round breeding,coastal,6,M,55.96,1,0,migrant,-84.9,-27.54,0.67894
952,12/3/2014,year-round breeding,coastal,6,M,53.15,1,0,resident,-88.32,-27.61,1.51272
953,12/3/2014,year-round breeding,coastal,6,F,53.28,1,0,resident,-88.44,-31.95,2.33335
954,12/3/2014,year-round breeding,coastal,6,M,52.23,1,0,resident,-86.82,-29.74,0.29622
955,12/3/2014,year-round breeding,coastal,6,F,46.7,1,1,unclassifiable,-78.96,-31.51,0.92644
956,12/3/2014,year-round breeding,coastal,6,M,50.45,1,0,resident,-75.51,-27.27,1.62673
957,12/3/2014,year-round breeding,coastal,6,M,53.11,1,1,migrant,-91.03,-26.84,0.60748
958,12/3/2014,year-round breeding,coastal,6,M,54.71,1,0,resident,-74.57,-28.12,0.94329
959,12/3/2014,year-round breeding,coastal,6,F,50.13,1,0,resident,-75.57,-28.25,3.51876
960,12/3/2014,year-round breeding,coastal,6,M,NA,1,NA,resident,-79.8,-27.76,2.08086
961,12/4/2014,year-round breeding,coastal,5,F,47.97,1,0,resident,-85.56,-28.72,2.95478
962,12/4/2014,year-round breeding,coastal,5,M,50.46,1,0,resident,-85.53,-29.17,0.87585
963,12/4/2014,year-round breeding,coastal,5,M,50.4,1,1,resident,-79.82,-29.05,0.81621
964,12/4/2014,year-round breeding,coastal,5,M,50.02,1,0,resident,-83.17,-29.35,2.12214
965,12/4/2014,year-round breeding,coastal,5,M,49.74,1,1,resident,-70.09,-26.77,0.89958
966,12/4/2014,year-round breeding,coastal,5,M,46.11,1,0,resident,-73.5,-27.8,1.61829
967,12/4/2014,year-round breeding,coastal,5,F,46.97,1,0,resident,-75.79,-28.79,2.72617
968,12/4/2014,year-round breeding,coastal,5,M,49.88,1,NA,resident,-80.14,-28.63,3.18604
969,12/4/2014,year-round breeding,coastal,5,F,50.54,1,0,resident,-76.77,-28.6,2.73693
970,11/18/2014,year-round breeding,coastal,5,F,45.78,1,NA,resident,-90.42,-29.99,3.49806
971,11/19/2014,year-round breeding,coastal,5,M,49.56,1,NA,migrant,-120.29,-26.45,0.06424
972,12/5/2014,year-round breeding,coastal,6,F,52.33,1,1,resident,-80.86,-26.41,2.66993
973,12/5/2014,year-round breeding,coastal,6,M,53.48,1,1,resident,-84.31,-28.08,0.96169
974,12/5/2014,year-round breeding,coastal,6,M,51.49,1,0,NA,-83.84,-27.16,NA
975,12/5/2014,year-round breeding,coastal,6,F,NA,1,NA,resident,-78.61,-27.21,2.48446
978,4/2/2015,year-round breeding,coastal,7,F,46.48,0,NA,resident,-90.74,-26.25,0.7583
979,4/2/2015,year-round breeding,coastal,7,M,47.86,1,NA,migrant,-69.46,-25.92,0.42494
980,4/2/2015,year-round breeding,coastal,7,M,48.88,0,NA,migrant,-83.79,-29.07,0.34286
983,4/3/2015,year-round breeding,coastal,5,M,46.17,0,NA,resident,-80.14,-28.12,0.85052
984,4/3/2015,year-round breeding,coastal,5,F,47.88,0,NA,migrant,-78.6,-28.92,0.19032
995,4/6/2015,seasonal stopover,central,8,F,48.32,0,NA,unclassifiable,-78.73,-30.08,1.32584
996,4/6/2015,seasonal stopover,central,8,M,54.88,0,NA,migrant,-129,-26.96,0
997,4/6/2015,seasonal stopover,central,8,M,51.79,0,NA,migrant,-116.45,-29.4,0.56485
998,4/6/2015,seasonal stopover,central,8,M,50.83,0,NA,migrant,-92.67,-29.72,0.87948
999,4/6/2015,seasonal stopover,central,8,F,55.23,0,NA,migrant,-94.37,-28.51,0.0551
1000,4/6/2015,seasonal stopover,central,8,F,45.77,0,NA,unclassifiable,-82.02,-30.48,1.09816
1001,4/7/2015,seasonal stopover,central,8,F,52.92,1,NA,migrant,-104.03,-28.58,0.01791
1002,4/7/2015,seasonal stopover,central,8,M,52.32,1,NA,resident,-91.17,-30.19,1.90138
1003,4/7/2015,seasonal stopover,central,8,F,50.59,0,NA,resident,-75.28,-28.66,1.51892
1004,4/7/2015,seasonal stopover,central,8,F,52.01,0,NA,migrant,-125.97,-25.23,0.04786
1005,4/7/2015,seasonal stopover,central,8,F,52.85,0,NA,migrant,-130.29,-25.5,0.3058
1006,4/7/2015,seasonal stopover,central,8,M,52.86,0,NA,migrant,-122.61,-27.94,0.2814
1007,4/8/2015,year-round breeding,coastal,6,M,50.19,0,NA,resident,-79.13,-28.46,2.59
1008,4/8/2015,year-round breeding,coastal,6,F,51.41,0,NA,migrant,-128.76,-29.72,0
1009,4/8/2015,year-round breeding,coastal,6,F,50.82,0,NA,resident,-81.21,-28.37,3.22694
1010,4/8/2015,year-round breeding,coastal,6,F,49.68,1,NA,resident,-91.86,-29.65,2.44585
1011,4/8/2015,year-round breeding,coastal,6,F,45.55,1,NA,migrant,-83.82,-29.74,0.73519
1012,4/8/2015,year-round breeding,coastal,6,F,47.09,1,NA,resident,-94.99,-29.31,2.14496
1013,4/8/2015,year-round breeding,coastal,6,M,49.8,1,NA,resident,-82.96,-28.4,2.9301
1014,4/8/2015,year-round breeding,coastal,6,F,43.26,1,NA,resident,-76.01,-26.74,3.66096
1015,4/8/2015,year-round breeding,coastal,6,M,47.15,0,NA,resident,-85.4,-27,2.68722
1016,4/8/2015,year-round breeding,coastal,6,M,49.93,1,NA,resident,-87.33,-26.48,3.97506
1017,4/8/2015,year-round breeding,coastal,6,M,47.24,1,NA,resident,-78.03,-27.35,3.18399
1018,4/8/2015,year-round breeding,coastal,6,M,50.32,0,NA,migrant,-91.31,-29.92,0.47852
1019,4/8/2015,year-round breeding,coastal,6,F,52,0,NA,migrant,-85.18,-29.3,0.5986
1020,4/8/2015,year-round breeding,coastal,6,F,46.14,1,NA,migrant,-91.72,-29.47,0.30657
1021,4/8/2015,year-round breeding,coastal,6,M,52.36,1,NA,resident,-101.58,-28.15,1.84427
1022,4/8/2015,year-round breeding,coastal,6,F,44.77,1,NA,resident,-100.34,-28.34,3.09584
1023,4/8/2015,year-round breeding,coastal,6,M,50.24,0,NA,resident,-90.16,-26.62,2.03932
1025,4/9/2015,year-round breeding,coastal,7,M,50.97,1,NA,resident,-86.23,-26.41,1.69777
1026,4/9/2015,year-round breeding,coastal,7,M,50.39,1,NA,resident,-84.08,-26.18,1.60582
1027,4/9/2015,year-round breeding,coastal,7,M,50.05,1,NA,resident,-95.62,-27.31,2.94695
1028,4/9/2015,year-round breeding,coastal,7,M,50.55,1,NA,resident,-90.33,-27.05,2.50124
1029,4/9/2015,year-round breeding,coastal,7,F,46.78,1,NA,resident,-93.69,-26.69,4.40507
1030,4/9/2015,year-round breeding,coastal,7,F,49.14,0,NA,migrant,-81.45,-28.18,0.67147
1031,4/9/2015,year-round breeding,coastal,7,M,48.64,1,NA,resident,-97.64,-27.48,2.41028
1032,4/9/2015,year-round breeding,coastal,7,M,49.78,1,NA,resident,-93.18,-28.39,1.8467
1033,4/9/2015,year-round breeding,coastal,7,F,47.15,0,NA,resident,-86.31,-25.83,1.76395
1034,4/2/2015,year-round breeding,coastal,7,F,50.55,1,NA,resident,-95.24,-27.19,1.44627
1035,4/9/2015,year-round breeding,coastal,7,F,49.25,1,NA,resident,-88.21,-26.78,1.98447
1036,4/9/2015,year-round breeding,coastal,7,M,50.07,0,NA,resident,-89.04,-26.47,1.78021
1037,4/9/2015,year-round breeding,coastal,7,M,49.03,1,NA,resident,-89.26,-27.56,1.37317
1038,4/9/2015,year-round breeding,coastal,7,F,49.77,1,NA,resident,-95.57,-27.72,2.59637
1039,4/9/2015,year-round breeding,coastal,7,M,51.53,1,NA,resident,-93.8,-27.36,1.58636
1040,4/9/2015,year-round breeding,coastal,7,M,50.01,1,NA,resident,-90.19,-28.23,1.14937
